title,price,location,beds,baths,area,description,url
A Stunning Farm House Is Up For Grabs In DHA City - Sector 1 Karachi,PKR 12 Crore,,44,,"2,000 Sq. Yd.",,https://www.zameen.com/Property/dha_city_karachi_dha_city_-_sector_1_a_stunning_farm_house_is_up_for_grabs_in_dha_city_-_sector_1_karachi-54413915-8447-1.html
2000 Sq. Yards Luxury Farmhouse Plot For Sale in DHA City Karachi (DCK),PKR 12 Crore,,11,,"2,000 Sq. Yd.",,https://www.zameen.com/Property/karachi_dha_city_karachi_2000_sq_yards_luxury_farmhouse_plot_for_sale_in_dha_city_karachi_dck-54468624-1429-1.html
125 Square Yard House In DHA City Woodlands 30 Months Installments,PKR 1.95 Crore,,3,3,125 Sq. Yd.,,https://www.zameen.com/Property/karachi_dha_city_karachi_125_square_yard_house_in_dha_city_woodlands_30_months_installments-54472175-1429-1.html
150 Yards House In DHA City Woodlands 273K Monthly Book Now,PKR 2.34 Crore,,1,4,150 Sq. Yd.,,https://www.zameen.com/Property/karachi_dha_city_karachi_150_yards_house_in_dha_city_woodlands_273k_monthly_book_now-54472280-1429-1.html
Spacious 222 Square Yards House Available For Sale In DHA City - Sector 1,PKR 2.85 Crore,,22,5,222 Sq. Yd.,,https://www.zameen.com/Property/dha_city_karachi_dha_city_-_sector_1_spacious_222_square_yards_house_available_for_sale_in_dha_city_-_sector_1-54282035-8447-1.html
Farm House Spread Over 2000 Square Yards In DHA City - Sector 9 Available,PKR 11 Crore,,7,,"2,000 Sq. Yd.",,https://www.zameen.com/Property/dha_city_karachi_dha_city_-_sector_9_farm_house_spread_over_2000_square_yards_in_dha_city_-_sector_9_available-54468467-8453-1.html
3 BED APARTMENT AVAILABLE FOR BOOKING.,PKR 5.4 Crore,,4,3,222 Sq. Yd.,,https://www.zameen.com/Property/karachi_dha_city_karachi_3_bed_apartment_available_for_booking-54477686-1429-1.html
Fully Furnished Ready-To-Move Homes In DHA City Karachi - AARYANS Homes,PKR 2.55 Crore,,17,4,125 Sq. Yd.,,https://www.zameen.com/Property/karachi_dha_city_karachi_fully_furnished_ready-to-move_homes_in_dha_city_karachi_-_aaryans_homes-53867125-1429-1.html
"ARY LAGUNA DHA CITY KARACHI 1,2,3 & 4 Bedrooms, Duplex & Penthouses Units Available",PKR 85 Lakh,,1,1,100 Sq. Yd.,,https://www.zameen.com/Property/dha_city_karachi_ary_laguna_ary_laguna_dha_city_karachi_1_2_3_4_bedrooms_duplex_penthouses_units_available-54419007-17988-1.html
"5 MARLA LUXURY VILLA FOR SALE WOODLAND BY PACE, DHA CITY KARACHI | LC-10 | WA-10",PKR 1.95 Crore,,3,3,125 Sq. Yd.,,https://www.zameen.com/Property/karachi_dha_city_karachi_5_marla_luxury_villa_for_sale_woodland_by_pace_dha_city_karachi_lc-10_wa-10-54188091-1429-1.html
ULTRA LUXURY 125 YARDS VILLA FOR SALE ON EASY INSTALLMENTS DHA CITY KARACHI SECTOR 1,PKR 1.95 Crore,,3,3,125 Sq. Yd.,,https://www.zameen.com/Property/karachi_dha_city_karachi_ultra_luxury_125_yards_villa_for_sale_on_easy_installments_dha_city_karachi_sector_1-54188289-1429-1.html
ULTRA LUXURY 125 YARDS VILLA FOR SALE ON EASY INSTALLMENTS DHA CITY KARACHI SECTOR 1,PKR 1.95 Crore,,3,3,125 Sq. Yd.,,https://www.zameen.com/Property/karachi_dha_city_karachi_ultra_luxury_125_yards_villa_for_sale_on_easy_installments_dha_city_karachi_sector_1-54486294-1429-1.html
2500 SQ. YARDS UPGRADED FARMHOUSE FOR SALE DHA CITY KARACHI | LC-01 | JA-07,PKR 15 Crore,,17,,"2,500 Sq. Yd.",,https://www.zameen.com/Property/karachi_dha_city_karachi_2500_sq_yards_upgraded_farmhouse_for_sale_dha_city_karachi_lc-01_ja-07-54489659-1429-1.html
Build Your Dream 125 Sq. Yd Villa in DHA City Karachi,PKR 1.05 Crore,,9,3,125 Sq. Yd.,,https://www.zameen.com/Property/karachi_dha_city_karachi_build_your_dream_125_sq_yd_villa_in_dha_city_karachi-54490803-1429-1.html
DHA City Villa For Booking,PKR 1.95 Crore,,3,3,125 Sq. Yd.,,https://www.zameen.com/Property/karachi_dha_city_karachi_dha_city_villa_for_booking-54356649-1429-1.html
125 Sq. Yards Villa For Sale DHA City Sector 1 On Installments,PKR 2 Crore,,3,3,217 Sq. Yd.,,https://www.zameen.com/Property/karachi_dha_city_karachi_125_sq_yards_villa_for_sale_dha_city_sector_1_on_installments-54298963-1429-1.html
3000 Kanal Farm House Situated In DHA Oasis - Sector 1 For sale,PKR 13 Crore,,10,,"1,500,000 Sq. Yd.",,https://www.zameen.com/Property/dha_oasis_dha_oasis_-_sector_1_3000_kanal_farm_house_situated_in_dha_oasis_-_sector_1_for_sale-54494476-16526-1.html
Ideal Farm House For sale In DHA Oasis - Sector 1,PKR 12 Crore,,10,,"1,250,000 Sq. Yd.",,https://www.zameen.com/Property/dha_oasis_dha_oasis_-_sector_1_ideal_farm_house_for_sale_in_dha_oasis_-_sector_1-54494475-16526-1.html
2000 Kanal Farm House In DHA Oasis - Sector 1 For sale At Good Location,PKR 10.95 Crore,,10,,"1,000,000 Sq. Yd.",,https://www.zameen.com/Property/dha_oasis_dha_oasis_-_sector_1_2000_kanal_farm_house_in_dha_oasis_-_sector_1_for_sale_at_good_location-54494473-16526-1.html
Farm House Of 3000 Square Yards Available In DHA City Karachi,PKR 14 Crore,,19,5,"3,000 Sq. Yd.",,https://www.zameen.com/Property/karachi_dha_city_karachi_farm_house_of_3000_square_yards_available_in_dha_city_karachi-54270511-1429-1.html
2500 Square Yards Farm House For sale In DHA City Karachi DHA City Karachi,PKR 11.5 Crore,,17,4,"2,500 Sq. Yd.",,https://www.zameen.com/Property/karachi_dha_city_karachi_2500_square_yards_farm_house_for_sale_in_dha_city_karachi_dha_city_karachi-54270520-1429-1.html
Get An Attractive Farm House In Karachi Under Rs. 110000000,PKR 11 Crore,,10,,"1,000,000 Sq. Yd.",,https://www.zameen.com/Property/dha_city_sector_2_dha_city_-_sector_2a_get_an_attractive_farm_house_in_karachi_under_rs_110000000-54478514-13041-1.html
Hampstead Villas DHA City: Flagship 300 Sq. Yds Luxury Living via Malir Expressway,PKR 2.5 Crore,,16,5,300 Sq. Yd.,,https://www.zameen.com/Property/dha_city_karachi_dha_city_-_sector_1_hampstead_villas_dha_city_flagship_300_sq_yds_luxury_living_via_malir_expressway-54281976-8447-1.html
Spacious 5 Bedroom One-Unit Ruby Villa Hampstead Villas DHA City,PKR 2.99 Crore,,10,5,200 Sq. Yd.,,https://www.zameen.com/Property/karachi_dha_city_karachi_spacious_5_bedroom_one-unit_ruby_villa_hampstead_villas_dha_city-54264427-1429-1.html
4 Bedroom Luxury Sapphire Villa with Private Basement Hampstead Villas,PKR 3.65 Crore,,6,4,200 Sq. Yd.,,https://www.zameen.com/Property/karachi_dha_city_karachi_4_bedroom_luxury_sapphire_villa_with_private_basement_hampstead_villas-54264443-1429-1.html
